Step;Tiempo;Temperatura
0;0.0;299.15
1;7500.0;270.68542059671165
2;15000.0;267.40192775664093
3;22500.0;265.0154303026611
4;30000.0;261.1504380631874
5;37500.0;257.8899777445774
6;45000.0;255.82008444356705
7;52500.0;254.81281088618786
8;60000.0;254.02730503101162
9;67500.0;253.75780119430812
10;75000.0;253.41050314960745
