Step;Tiempo;Temperatura
0;0.0;299.15
1;7500.0;271.8093407183181
2;15000.0;267.12968559756183
3;22500.0;264.38331301270176
4;30000.0;260.7226845843451
5;37500.0;257.60132370556636
6;45000.0;255.70402758547345
7;52500.0;254.68769070876792
8;60000.0;254.00664220770653
9;67500.0;253.69045563299744
10;75000.0;253.42335768030875
